mz,rt,intensity,traceID,envelopeID
659.034668,2438.53,2.045447,3485,1
659.0448,2441.68,12.365275,3485,1
659.048767,2423.05,38.673573,3485,1
659.049072,2419.85,27.173288,3485,1
659.049805,2435.44,19.827333,3485,1
659.050049,2440.09,17.154434,3485,1
659.050415,2421.45,25.788311,3485,1
659.051025,2424.65,49.347298,3485,1
659.051025,2429.29,33.588985,3485,1
659.051331,2436.98,18.579824,3485,1
659.051636,2433.9,21.575464,3485,1
659.052002,2432.37,32.432064,3485,1
659.052307,2416.61,18.336777,3485,1
659.052795,2430.83,40.039333,3485,1
659.053162,2418.23,19.535437,3485,1
659.053162,2426.2,37.104958,3485,1
659.053894,2427.74,48.803589,3485,1
659.058167,2438.53,10.150963,3485,1
659.282898,2441.68,9.619673,3484,1
659.292053,2416.61,21.590275,3484,1
659.296387,2438.53,12.198229,3484,1
659.297119,2443.28,5.716792,3484,1
659.300232,2436.98,28.986801,3484,1
659.300415,2419.85,32.774967,3484,1
659.300842,2432.37,39.463207,3484,1
659.301086,2433.9,29.065077,3484,1
659.301819,2430.83,46.068401,3484,1
659.302551,2427.74,57.579597,3484,1
659.30365,2418.23,14.939216,3484,1
659.30365,2435.44,18.285919,3484,1
659.304504,2424.65,62.515434,3484,1
659.304565,2423.05,68.235428,3484,1
659.305054,2429.29,61.725986,3484,1
659.305237,2441.68,7.960442,3484,1
659.306396,2426.2,78.744263,3484,1
659.307556,2421.45,45.025581,3484,1
659.308228,2440.09,21.342087,3484,1
659.55127,2441.68,9.373215,3483,1
659.552368,2418.23,22.750038,3483,1
659.552856,2438.53,20.29858,3483,1
659.553467,2416.61,11.958272,3483,1
659.553528,2432.37,45.4986,3483,1
659.553589,2436.98,34.071674,3483,1
659.55365,2435.44,42.245914,3483,1
659.553772,2433.9,42.891678,3483,1
659.553955,2419.85,56.155941,3483,1
659.554321,2430.83,59.570217,3483,1
659.555542,2421.45,68.460709,3483,1
659.555603,2426.2,88.531311,3483,1
659.555664,2424.65,86.670395,3483,1
659.555847,2429.29,68.31398,3483,1
659.555969,2423.05,74.94986,3483,1
659.55658,2427.74,60.557323,3483,1
659.556641,2440.09,14.93884,3483,1
659.556824,2443.28,12.244868,3483,1
660.054993,2429.29,63.579884,3482,2
660.055603,2419.85,21.496054,3482,2
660.055725,2418.23,16.437279,3482,2
660.056396,2416.61,11.467072,3482,2
660.056396,2426.2,68.940659,3482,2
660.056824,2430.83,42.541542,3482,2
660.056885,2427.74,45.252731,3482,2
660.056946,2433.9,19.864271,3482,2
660.05719,2423.05,43.165726,3482,2
660.057678,2432.37,47.185463,3482,2
660.057739,2436.98,11.734187,3482,2
660.057861,2424.65,62.915783,3482,2
660.058289,2421.45,30.977911,3482,2
660.058838,2414.99,6.422409,3482,2
660.060181,2438.53,15.267502,3482,2
660.062195,2440.09,8.51665,3482,2
660.063171,2435.44,28.037338,3482,2
660.296021,2440.09,1.790756,3486,2
660.298828,2436.98,6.554651,3486,2
660.300964,2430.83,35.822701,3486,2
660.302185,2426.2,40.861374,3486,2
660.302246,2424.65,50.042934,3486,2
660.304871,2427.74,55.015709,3486,2
660.305237,2429.29,43.49334,3486,2
660.305725,2435.44,7.732303,3486,2
660.306335,2423.05,60.063503,3486,2
660.306702,2432.37,29.124968,3486,2
660.307312,2443.28,4.36893,3486,2
660.307495,2433.9,16.706146,3486,2
660.308899,2421.45,23.631546,3486,2
660.310303,2441.68,7.0172,3486,2
660.311523,2438.53,10.147911,3486,2
660.316101,2440.09,5.236612,3486,2
660.549866,2438.53,8.942816,3487,2
660.55127,2440.09,11.80935,3487,2
660.55304,2441.68,3.197359,3487,2
660.553833,2424.65,28.542337,3487,2
660.554199,2427.74,19.198362,3487,2
660.554565,2432.37,14.728644,3487,2
660.554749,2430.83,14.89568,3487,2
660.556335,2429.29,16.818233,3487,2
660.556885,2436.98,9.523825,3487,2
660.557007,2433.9,15.841492,3487,2
660.558044,2421.45,11.592697,3487,2
660.55896,2423.05,18.996805,3487,2
660.559265,2435.44,18.045382,3487,2
660.56073,2419.85,18.579107,3487,2
660.564392,2418.23,13.55402,3487,2
660.568115,2426.2,29.55736,3487,2
659.000488,2377.75,40.725838,3498,3
659.001404,2373.15,114.035172,3498,3
659.001526,2363.92,74.918373,3498,3
659.001526,2367.0,115.853935,3498,3
659.002197,2371.62,62.056812,3498,3
659.002991,2359.19,39.479248,3498,3
659.003113,2360.79,76.093468,3498,3
659.003174,2368.54,74.697685,3498,3
659.003174,2374.69,79.368439,3498,3
659.003479,2362.38,76.377945,3498,3
659.004028,2382.34,57.108315,3498,3
659.00415,2380.81,77.482758,3498,3
659.004395,2376.22,82.537949,3498,3
659.004883,2365.46,77.803673,3498,3
659.004883,2370.08,83.028648,3498,3
659.00531,2379.28,54.892376,3498,3
659.006165,2357.6,30.289396,3498,3
659.013977,2356.0,7.863963,3498,3
659.001038,2402.34,14.236088,3498,3
659.00238,2383.87,67.797516,3498,3
659.00238,2391.54,48.295143,3498,3
659.002747,2403.9,11.528947,3498,3
659.003784,2400.79,10.032635,3498,3
659.004517,2386.94,42.685303,3498,3
659.004761,2393.07,43.067753,3498,3
659.005676,2394.59,13.200878,3498,3
659.006165,2385.4,46.042713,3498,3
659.006409,2388.47,45.966652,3498,3
659.006531,2390.01,29.972248,3498,3
659.007019,2396.13,27.707296,3498,3
659.007812,2399.24,18.258236,3498,3
659.332947,2368.54,77.870224,3499,3
659.333923,2377.75,54.534916,3499,3
659.334106,2379.28,61.610027,3499,3
659.335022,2376.22,52.573391,3499,3
659.335205,2370.08,85.541992,3499,3
659.335327,2382.34,43.006111,3499,3
659.33551,2380.81,44.203102,3499,3
659.336548,2371.62,56.663891,3499,3
659.337463,2362.38,51.905548,3499,3
659.337524,2363.92,86.278831,3499,3
659.337585,2357.6,30.142965,3499,3
659.33783,2365.46,94.975418,3499,3
659.337952,2360.79,83.168388,3499,3
659.338074,2374.69,75.223328,3499,3
659.338684,2359.19,48.616234,3499,3
659.338806,2356.0,28.994831,3499,3
659.338989,2373.15,78.588867,3499,3
659.340393,2367.0,108.939827,3499,3
659.341736,2354.41,15.280666,3499,3
659.324829,2397.68,32.169449,3499,3
659.326782,2396.13,44.680027,3499,3
659.327026,2399.24,25.815054,3499,3
659.328979,2402.34,11.363138,3499,3
659.3302,2400.79,26.161182,3499,3
659.333313,2390.01,50.09407,3499,3
659.333374,2391.54,50.150291,3499,3
659.333618,2393.07,37.374275,3499,3
659.334351,2383.87,50.861259,3499,3
659.335571,2388.47,51.784195,3499,3
659.335876,2386.94,50.533455,3499,3
659.336243,2394.59,33.170429,3499,3
659.336731,2385.4,63.901482,3499,3
659.668762,2368.54,103.545166,3500,3
659.668945,2376.22,78.329041,3500,3
659.669373,2370.08,120.018196,3500,3
659.6698,2382.34,64.70797,3500,3
659.670166,2374.69,123.472382,3500,3
659.670227,2377.75,70.691093,3500,3
659.670471,2373.15,120.700165,3500,3
659.670776,2365.46,97.250626,3500,3
659.670776,2367.0,142.403885,3500,3
659.671082,2380.81,102.766388,3500,3
659.671692,2363.92,98.593292,3500,3
659.672119,2357.6,25.446274,3500,3
659.672119,2359.19,51.088528,3500,3
659.672302,2362.38,83.583923,3500,3
659.672607,2360.79,84.08567,3500,3
659.672852,2379.28,61.71851,3500,3
659.67334,2371.62,112.050148,3500,3
659.667053,2400.79,22.262222,3500,3
659.669739,2388.47,90.694679,3500,3
659.670227,2391.54,66.906471,3500,3
659.670288,2393.07,67.899063,3500,3
659.670532,2385.4,89.586266,3500,3
659.670532,2394.59,51.749283,3500,3
659.670776,2383.87,54.199841,3500,3
659.671753,2397.68,40.188656,3500,3
659.672302,2399.24,38.323681,3500,3
659.673218,2386.94,69.994576,3500,3
659.673889,2390.01,58.180286,3500,3
659.675964,2402.34,22.752531,3500,3
659.676575,2396.13,48.154644,3500,3
659.997803,2377.75,83.529335,3501,3
659.999756,2359.19,45.867622,3501,3
659.999878,2357.6,44.592052,3501,3
660.0,2379.28,95.814568,3501,3
660.000549,2382.34,83.427765,3501,3
660.000916,2365.46,111.813957,3501,3
660.001587,2360.79,113.116096,3501,3
660.001648,2380.81,128.02359,3501,3
660.001953,2370.08,154.72467,3501,3
660.002502,2362.38,123.951363,3501,3
660.002686,2371.62,110.102188,3501,3
660.003601,2367.0,157.29248,3501,3
660.003967,2363.92,132.78186,3501,3
660.004639,2374.69,143.557907,3501,3
660.004639,2376.22,114.115921,3501,3
660.007263,2373.15,104.607338,3501,3
660.007629,2368.54,65.894836,3501,3
660.009155,2356.0,13.171039,3501,3
660.000488,2391.54,52.977482,3501,3
660.00116,2400.79,28.958406,3501,3
660.001892,2388.47,76.975822,3501,3
660.002014,2402.34,17.217613,3501,3
660.002502,2383.87,113.888763,3501,3
660.003052,2393.07,32.505932,3501,3
660.003174,2394.59,58.069695,3501,3
660.003845,2385.4,91.804047,3501,3
660.003967,2403.9,14.971098,3501,3
660.004578,2390.01,53.406006,3501,3
660.005005,2396.13,33.313766,3501,3
660.005127,2386.94,92.112946,3501,3
660.006714,2397.68,27.284,3501,3
660.007629,2399.24,19.126789,3501,3
660.330017,2354.41,4.730951,3502,3
660.333313,2377.75,105.045738,3502,3
660.335938,2365.46,123.285393,3502,3
660.33606,2371.62,131.704453,3502,3
660.336182,2356.0,19.316673,3502,3
660.337097,2359.19,75.016487,3502,3
660.337219,2380.81,125.122734,3502,3
660.337402,2367.0,134.998795,3502,3
660.338257,2368.54,125.914742,3502,3
660.338684,2362.38,131.708267,3502,3
660.338867,2357.6,45.303879,3502,3
660.339172,2360.79,118.512169,3502,3
660.339539,2374.69,120.832939,3502,3
660.339783,2363.92,148.901199,3502,3
660.339905,2382.34,101.5299,3502,3
660.34021,2373.15,152.562515,3502,3
660.341003,2379.28,58.142761,3502,3
660.341248,2370.08,156.571869,3502,3
660.341675,2376.22,114.078239,3502,3
660.329102,2402.34,15.833351,3502,3
660.332703,2383.87,83.316162,3502,3
660.333374,2403.9,10.564115,3502,3
660.333984,2390.01,57.042343,3502,3
660.3349,2397.68,29.403351,3502,3
660.335144,2385.4,101.489517,3502,3
660.33551,2386.94,99.990517,3502,3
660.335693,2394.59,57.554321,3502,3
660.336304,2396.13,33.349514,3502,3
660.338806,2388.47,92.430794,3502,3
660.339722,2405.47,13.490125,3502,3
660.340027,2391.54,72.975739,3502,3
660.340881,2399.24,20.759825,3502,3
660.340942,2393.07,19.014345,3502,3
660.34137,2400.79,24.778614,3502,3
660.667297,2362.38,116.735001,3458,3
660.668213,2360.79,91.474823,3458,3
660.668762,2356.0,14.724389,3458,3
660.668884,2365.46,84.591911,3458,3
660.670471,2376.22,93.935036,3458,3
660.671448,2370.08,123.327568,3458,3
660.672058,2374.69,126.851799,3458,3
660.67218,2382.34,92.671257,3458,3
660.672241,2359.19,50.587967,3458,3
660.672363,2379.28,47.356686,3458,3
660.672363,2380.81,60.302891,3458,3
660.673828,2363.92,104.208755,3458,3
660.674377,2367.0,128.458618,3458,3
660.674988,2371.62,111.974945,3458,3
660.67572,2377.75,38.332848,3458,3
660.676025,2373.15,92.185066,3458,3
660.676086,2357.6,15.914475,3458,3
660.676453,2368.54,60.022091,3458,3
660.668518,2391.54,41.485016,3458,3
660.66925,2388.47,79.493774,3458,3
660.669312,2393.07,43.42514,3458,3
660.672119,2383.87,85.766739,3458,3
660.672302,2390.01,59.023941,3458,3
660.672546,2394.59,40.035969,3458,3
660.672852,2385.4,83.06147,3458,3
660.673767,2386.94,46.676064,3458,3
660.674744,2396.13,18.272129,3458,3
660.978699,2374.69,25.159048,3503,3
660.978943,2382.34,25.30983,3503,3
660.981689,2376.22,28.885527,3503,3
660.981689,2380.81,28.183508,3503,3
660.985168,2362.38,36.603733,3503,3
660.990234,2377.75,66.678726,3503,3
660.995117,2379.28,61.048199,3503,3
660.996887,2368.54,118.967232,3503,3
660.996948,2359.19,56.295475,3503,3
660.996948,2371.62,114.198532,3503,3
660.999512,2363.92,91.509087,3503,3
661.000427,2360.79,81.974419,3503,3
661.000427,2365.46,109.093513,3503,3
661.003418,2373.15,119.022522,3503,3
661.004456,2367.0,111.647224,3503,3
661.00531,2357.6,11.242849,3503,3
661.008118,2374.69,47.392265,3503,3
661.008179,2370.08,99.197975,3503,3
661.00824,2382.34,37.472679,3503,3
661.00946,2380.81,37.320084,3503,3
661.011597,2376.22,44.54512,3503,3
661.015747,2362.38,34.025932,3503,3
660.979248,2390.01,23.061598,3503,3
660.97937,2385.4,27.036892,3503,3
660.980957,2396.13,13.959675,3503,3
660.98114,2394.59,4.709307,3503,3
660.993347,2386.94,51.105221,3503,3
660.995178,2388.47,74.058296,3503,3
660.996948,2383.87,53.344608,3503,3
661.001831,2391.54,30.180769,3503,3
661.006042,2396.13,15.516399,3503,3
661.006409,2393.07,11.411016,3503,3
661.008667,2397.68,11.250438,3503,3
661.00946,2390.01,29.371191,3503,3
661.010925,2394.59,26.251314,3503,3
661.012939,2385.4,21.275227,3503,3
661.023376,2391.54,5.996727,3503,3
661.311768,2357.6,64.447052,3461,3
661.312195,2356.0,16.984093,3461,3
661.312256,2382.34,187.757584,3461,3
661.312317,2380.81,185.979218,3461,3
661.312805,2373.15,192.901443,3461,3
661.313049,2365.46,273.49881,3461,3
661.313171,2371.62,187.206757,3461,3
661.313416,2377.75,211.867401,3461,3
661.313599,2363.92,191.770325,3461,3
661.31366,2367.0,210.121841,3461,3
661.31366,2379.28,187.679199,3461,3
661.313782,2368.54,234.315979,3461,3
661.314148,2374.69,204.369888,3461,3
661.314209,2362.38,237.242462,3461,3
661.31427,2359.19,115.732239,3461,3
661.314392,2360.79,214.632446,3461,3
661.314758,2370.08,190.709244,3461,3
661.315796,2376.22,204.224258,3461,3
661.310303,2393.07,86.160339,3461,3
661.31073,2394.59,74.520111,3461,3
661.311646,2390.01,96.914986,3461,3
661.312256,2391.54,105.677719,3461,3
661.312988,2383.87,129.635254,3461,3
661.313599,2388.47,147.980072,3461,3
661.31427,2385.4,189.347473,3461,3
661.314453,2386.94,163.868912,3461,3
661.644592,2354.41,15.208408,3504,3
661.64679,2380.81,233.640961,3504,3
661.647217,2359.19,172.616699,3504,3
661.647217,2360.79,292.276581,3504,3
661.647217,2374.69,244.174042,3504,3
661.647949,2356.0,41.077385,3504,3
661.648132,2357.6,77.689583,3504,3
661.648254,2379.28,256.163666,3504,3
661.648376,2368.54,300.287811,3504,3
661.648376,2371.62,304.318237,3504,3
661.64856,2365.46,353.009766,3504,3
661.648682,2373.15,318.615692,3504,3
661.648743,2362.38,323.728699,3504,3
661.648804,2377.75,250.920151,3504,3
661.648865,2382.34,214.125214,3504,3
661.649109,2370.08,279.785522,3504,3
661.649231,2376.22,264.050903,3504,3
661.649292,2363.92,271.010315,3504,3
661.649536,2367.0,321.909668,3504,3
661.645325,2407.03,20.604074,3504,3
661.645508,2402.34,36.58757,3504,3
661.646667,2390.01,173.312332,3504,3
661.646912,2405.47,19.088751,3504,3
661.646973,2400.79,48.426891,3504,3
661.647278,2399.24,68.791298,3504,3
661.647339,2388.47,206.524857,3504,3
661.647644,2394.59,98.761635,3504,3
661.647827,2391.54,109.596634,3504,3
661.648926,2393.07,112.34156,3504,3
661.649048,2397.68,70.925995,3504,3
661.649109,2385.4,206.840683,3504,3
661.64917,2396.13,68.287811,3504,3
661.649353,2383.87,218.060226,3504,3
661.649353,2386.94,197.552963,3504,3
661.650513,2403.9,24.089029,3504,3
661.973755,2352.81,9.205345,3463,3
661.979797,2351.21,4.254492,3463,3
661.981018,2371.62,212.439896,3463,3
661.981323,2354.41,17.892372,3463,3
661.981323,2359.19,127.174896,3463,3
661.98175,2382.34,182.917847,3463,3
661.981934,2362.38,236.832993,3463,3
661.982056,2374.69,227.676788,3463,3
661.982178,2377.75,183.048721,3463,3
661.982361,2379.28,190.332977,3463,3
661.982666,2356.0,32.136055,3463,3
661.982666,2357.6,59.438076,3463,3
661.982788,2367.0,226.744553,3463,3
661.982788,2376.22,170.088593,3463,3
661.98291,2360.79,184.339233,3463,3
661.982971,2365.46,276.917725,3463,3
661.983093,2363.92,215.392731,3463,3
661.983337,2368.54,238.105637,3463,3
661.983643,2370.08,207.322311,3463,3
661.983887,2373.15,232.9767,3463,3
661.984558,2380.81,178.756317,3463,3
661.982056,2383.87,151.183823,3463,3
661.982239,2405.47,18.933647,3463,3
661.982483,2394.59,77.335487,3463,3
661.982544,2386.94,135.027435,3463,3
661.982666,2399.24,51.943092,3463,3
661.982849,2391.54,89.901299,3463,3
661.983093,2397.68,69.345703,3463,3
661.983459,2388.47,159.486511,3463,3
661.983582,2385.4,164.036972,3463,3
661.983582,2400.79,22.451014,3463,3
661.984131,2396.13,58.731064,3463,3
661.984558,2393.07,97.410988,3463,3
661.985229,2390.01,105.493027,3463,3
661.985229,2402.34,20.10404,3463,3
661.985229,2403.9,25.230968,3463,3
661.989014,2407.03,13.439711,3463,3
662.307556,2346.41,18.500965,3505,3
662.308838,2343.2,20.941675,3505,3
662.30957,2344.81,23.134041,3505,3
662.309814,2349.6,16.162489,3505,3
662.310608,2348.01,24.750092,3505,3
662.312378,2377.75,130.315704,3505,3
662.3125,2379.28,189.72966,3505,3
662.312622,2382.34,158.553223,3505,3
662.312927,2354.41,17.756792,3505,3
662.314331,2374.69,172.991013,3505,3
662.314392,2352.81,15.473596,3505,3
662.315613,2380.81,124.217804,3505,3
662.315735,2373.15,176.972366,3505,3
662.315796,2368.54,157.907379,3505,3
662.316101,2356.0,38.269756,3505,3
662.316101,2362.38,146.559738,3505,3
662.316101,2365.46,191.25209,3505,3
662.316162,2357.6,34.281143,3505,3
662.316162,2376.22,179.784302,3505,3
662.316589,2359.19,93.18354,3505,3
662.316772,2371.62,172.213409,3505,3
662.316833,2351.21,11.760858,3505,3
662.316956,2360.79,137.335892,3505,3
662.317688,2367.0,180.261078,3505,3
662.317749,2370.08,211.406143,3505,3
662.317932,2363.92,179.159683,3505,3
662.307617,2402.34,11.234247,3505,3
662.310852,2394.59,33.956745,3505,3
662.310974,2407.03,10.61591,3505,3
662.311157,2393.07,36.835098,3505,3
662.311646,2400.79,14.792943,3505,3
662.312012,2405.47,9.438289,3505,3
662.312195,2397.68,29.069647,3505,3
662.312378,2403.9,24.273893,3505,3
662.312988,2396.13,50.432808,3505,3
662.313354,2385.4,143.361588,3505,3
662.314087,2388.47,68.560066,3505,3
662.314148,2383.87,157.114761,3505,3
662.314636,2399.24,27.544294,3505,3
662.315552,2386.94,161.260468,3505,3
662.316162,2391.54,64.498924,3505,3
662.316528,2390.01,80.245979,3505,3
662.646545,2357.6,25.661791,3506,3
662.651306,2362.38,99.671883,3506,3
662.651367,2376.22,49.859913,3506,3
662.651367,2380.81,52.91988,3506,3
662.651428,2373.15,38.847515,3506,3
662.651489,2368.54,119.488045,3506,3
662.651978,2371.62,84.663055,3506,3
662.6521,2367.0,101.142448,3506,3
662.652161,2382.34,43.772251,3506,3
662.65332,2365.46,115.372055,3506,3
662.653809,2363.92,111.045334,3506,3
662.654236,2360.79,77.613144,3506,3
662.654785,2379.28,79.686684,3506,3
662.656372,2374.69,67.174263,3506,3
662.656372,2377.75,78.350128,3506,3
662.657288,2359.19,64.692505,3506,3
662.657715,2370.08,103.719498,3506,3
662.648376,2391.54,20.45237,3506,3
662.648499,2386.94,53.863705,3506,3
662.65033,2388.47,48.752563,3506,3
662.650452,2390.01,23.809362,3506,3
662.650757,2399.24,27.465712,3506,3
662.651672,2396.13,26.920061,3506,3
662.652344,2383.87,52.811115,3506,3
662.652527,2393.07,40.955841,3506,3
662.65271,2385.4,70.122002,3506,3
662.653442,2397.68,29.285902,3506,3
662.654236,2394.59,30.200531,3506,3
662.656006,2400.79,21.281998,3506,3
662.981628,2373.15,26.695009,3507,3
662.981812,2357.6,11.958341,3507,3
662.983582,2377.75,41.537045,3507,3
662.98407,2362.38,59.809494,3507,3
662.98468,2374.69,45.645626,3507,3
662.984802,2370.08,72.074944,3507,3
662.986877,2363.92,30.066067,3507,3
662.987183,2380.81,42.159214,3507,3
662.988159,2371.62,34.094685,3507,3
662.98938,2368.54,46.526234,3507,3
662.990479,2359.19,31.518784,3507,3
662.990845,2379.28,70.103333,3507,3
662.990906,2376.22,55.863922,3507,3
662.992188,2360.79,58.769024,3507,3
662.995544,2365.46,83.953613,3507,3
662.998657,2367.0,89.446579,3507,3
662.999573,2382.34,46.154163,3507,3
662.978516,2391.54,12.638489,3507,3
662.983032,2394.59,12.588419,3507,3
662.985901,2399.24,7.511135,3507,3
662.98761,2386.94,45.138573,3507,3
662.990906,2396.13,23.051268,3507,3
662.991516,2397.68,17.15476,3507,3
662.993774,2390.01,42.544964,3507,3
662.994019,2385.4,41.003502,3507,3
662.99469,2383.87,61.935017,3507,3
662.997009,2388.47,57.710266,3507,3
659.741943,2283.93,76.270523,3456,4
659.740356,2371.62,486.672424,3456,4
659.741882,2290.07,106.032738,3456,4
659.742065,2288.54,85.719566,3456,4
659.742249,2293.16,172.346542,3456,4
659.74231,2325.93,781.6073,3456,4
659.742371,2291.61,164.994278,3456,4
659.742493,2294.7,365.230927,3456,4
659.742493,2319.73,572.846497,3456,4
659.742493,2368.54,531.300903,3456,4
659.742554,2322.82,706.837708,3456,4
659.742554,2370.08,453.118286,3456,4
659.742615,2359.19,925.767456,3456,4
659.742676,2308.82,527.09259,3456,4
659.742676,2341.6,1170.836182,3456,4
659.742737,2318.19,807.983887,3456,4
659.742737,2365.46,705.73114,3456,4
659.742798,2297.8,278.225372,3456,4
659.742798,2304.06,431.903595,3456,4
659.742798,2321.27,727.237976,3456,4
659.742798,2336.85,1004.657104,3456,4
659.742798,2343.2,1148.843506,3456,4
659.742859,2313.54,674.494507,3456,4
659.742859,2360.79,859.314392,3456,4
659.74292,2316.64,734.97583,3456,4
659.74292,2329.03,890.50592,3456,4
659.74292,2349.6,1202.236816,3456,4
659.74292,2352.81,1027.099609,3456,4
659.74292,2363.92,584.307434,3456,4
659.742981,2332.14,1032.527954,3456,4
659.742981,2340.01,1077.473145,3456,4
659.742981,2346.41,1299.744629,3456,4
659.742981,2348.01,1086.363647,3456,4
659.742981,2354.41,1102.932373,3456,4
659.743042,2305.65,481.743958,3456,4
659.743042,2315.09,623.063721,3456,4
659.743042,2351.21,1003.33374,3456,4
659.743042,2357.6,868.736145,3456,4
659.743103,2324.37,886.17511,3456,4
659.743225,2311.98,575.705139,3456,4
659.743225,2330.57,979.687256,3456,4
659.743225,2333.71,950.77594,3456,4
659.743286,2302.49,392.088104,3456,4
659.743286,2310.4,589.251099,3456,4
659.743286,2327.47,845.119568,3456,4
659.743286,2362.38,724.665833,3456,4
659.743347,2300.92,344.606079,3456,4
659.743347,2338.42,1252.994751,3456,4
659.743408,2356.0,1045.605957,3456,4
659.743408,2367.0,549.63324,3456,4
659.743469,2299.35,378.705414,3456,4
659.74353,2296.25,204.060669,3456,4
659.74353,2307.23,486.547516,3456,4
659.74353,2335.28,1029.05896,3456,4
659.743591,2287.0,100.686081,3456,4
659.743652,2344.81,1184.628418,3456,4
659.743774,2285.46,80.984245,3456,4
660.242737,2288.54,63.998997,3457,4
660.243286,2287.0,67.511398,3457,4
660.243469,2316.64,495.36319,3457,4
660.243591,2305.65,323.166626,3457,4
660.243713,2313.54,479.535889,3457,4
660.243774,2374.69,276.204956,3457,4
660.243835,2336.85,669.332703,3457,4
660.243835,2359.19,563.18042,3457,4
660.243896,2357.6,552.478516,3457,4
660.243958,2327.47,566.953735,3457,4
660.243958,2329.03,568.55188,3457,4
660.243958,2351.21,649.982666,3457,4
660.243958,2373.15,315.334961,3457,4
660.244019,2319.73,385.139557,3457,4
660.244019,2354.41,714.646484,3457,4
660.24408,2324.37,534.672546,3457,4
660.24408,2343.2,717.350098,3457,4
660.244141,2300.92,215.91777,3457,4
660.244141,2341.6,772.661682,3457,4
660.244141,2349.6,752.038391,3457,4
660.244141,2352.81,680.043335,3457,4
660.244202,2296.25,121.403076,3457,4
660.244202,2360.79,550.828979,3457,4
660.244263,2290.07,77.909492,3457,4
660.244263,2333.71,596.81488,3457,4
660.244263,2348.01,710.652466,3457,4
660.244263,2371.62,299.214142,3457,4
660.244324,2340.01,706.84613,3457,4
660.244324,2346.41,837.246277,3457,4
660.244324,2363.92,338.026367,3457,4
660.244385,2318.19,522.759216,3457,4
660.244385,2325.93,579.790344,3457,4
660.244385,2367.0,356.67514,3457,4
660.244385,2368.54,354.105896,3457,4
660.244446,2308.82,337.890564,3457,4
660.244446,2311.98,356.117065,3457,4
660.244446,2344.81,728.330811,3457,4
660.244507,2293.16,116.35894,3457,4
660.244507,2330.57,632.48999,3457,4
660.244507,2335.28,658.632324,3457,4
660.244568,2291.61,105.181999,3457,4
660.244568,2321.27,473.661041,3457,4
660.244568,2338.42,794.41394,3457,4
660.244568,2356.0,670.892639,3457,4
660.244568,2362.38,508.296722,3457,4
660.244568,2365.46,557.695129,3457,4
660.244629,2294.7,176.57019,3457,4
660.244629,2299.35,238.08284,3457,4
660.24469,2332.14,706.279785,3457,4
660.24469,2376.22,273.731171,3457,4
660.244751,2310.4,386.298309,3457,4
660.244751,2322.82,473.541382,3457,4
660.244873,2297.8,170.454819,3457,4
660.244873,2315.09,404.561859,3457,4
660.244934,2307.23,300.343109,3457,4
660.245056,2304.06,277.29599,3457,4
660.245178,2302.49,257.564911,3457,4
660.245422,2370.08,300.342865,3457,4
660.742004,2280.87,26.876013,3459,4
660.745361,2283.93,34.534618,3459,4
660.750854,2282.4,25.452568,3459,4
660.741882,2288.54,34.21484,3459,4
660.742432,2370.08,165.395294,3459,4
660.74292,2329.03,334.194,3459,4
660.74292,2377.75,212.411362,3459,4
660.743103,2311.98,247.803055,3459,4
660.743103,2362.38,280.801208,3459,4
660.743164,2290.07,49.768345,3459,4
660.743286,2304.06,187.843079,3459,4
660.743347,2285.46,35.732952,3459,4
660.743408,2293.16,77.290825,3459,4
660.743408,2307.23,201.005234,3459,4
660.743408,2373.15,197.978638,3459,4
660.743469,2325.93,369.07431,3459,4
660.74353,2318.19,291.059143,3459,4
660.74353,2319.73,224.362732,3459,4
660.74353,2335.28,414.898773,3459,4
660.743591,2349.6,479.490448,3459,4
660.743713,2330.57,423.025909,3459,4
660.743774,2360.79,354.715637,3459,4
660.743774,2367.0,213.262436,3459,4
660.743835,2322.82,284.006714,3459,4
660.743896,2343.2,431.341736,3459,4
660.743958,2300.92,127.996254,3459,4
660.744019,2376.22,187.857712,3459,4
660.744141,2313.54,328.078125,3459,4
660.744141,2324.37,317.392212,3459,4
660.744141,2351.21,423.723236,3459,4
660.744202,2308.82,211.6091,3459,4
660.744263,2294.7,106.436615,3459,4
660.744263,2305.65,181.757019,3459,4
660.744263,2356.0,403.085571,3459,4
660.744263,2379.28,203.89946,3459,4
660.744324,2333.71,415.802917,3459,4
660.744324,2341.6,466.283508,3459,4
660.744324,2368.54,201.561966,3459,4
660.744446,2348.01,432.044708,3459,4
660.744446,2354.41,423.415649,3459,4
660.744507,2297.8,106.22934,3459,4
660.744507,2299.35,156.604324,3459,4
660.744507,2338.42,507.815399,3459,4
660.744507,2340.01,455.859039,3459,4
660.744507,2344.81,481.625885,3459,4
660.744507,2346.41,483.570435,3459,4
660.744568,2296.25,100.67511,3459,4
660.744568,2316.64,310.744537,3459,4
660.744629,2310.4,252.698456,3459,4
660.74469,2357.6,352.090668,3459,4
660.74469,2374.69,174.957336,3459,4
660.744751,2332.14,391.654663,3459,4
660.744751,2336.85,406.463654,3459,4
660.744812,2321.27,300.41333,3459,4
660.744873,2302.49,153.002411,3459,4
660.744873,2315.09,252.836792,3459,4
660.744934,2365.46,298.265259,3459,4
660.744995,2359.19,412.854279,3459,4
660.745056,2371.62,177.08725,3459,4
660.745117,2363.92,236.769485,3459,4
660.745178,2352.81,406.123169,3459,4
660.745239,2327.47,367.984894,3459,4
660.745605,2291.61,79.175652,3459,4
660.747559,2287.0,44.75708,3459,4
661.243225,2346.41,264.731537,3460,4
661.243774,2329.03,147.841507,3460,4
661.243774,2363.92,116.058022,3460,4
661.243958,2324.37,173.029251,3460,4
661.243958,2330.57,157.902298,3460,4
661.244019,2310.4,118.161942,3460,4
661.24408,2352.81,193.949951,3460,4
661.244141,2300.92,77.256523,3460,4
661.244141,2313.54,130.91893,3460,4
661.244141,2356.0,191.276627,3460,4
661.244141,2373.15,87.500816,3460,4
661.244202,2333.71,168.474792,3460,4
661.244263,2308.82,86.323898,3460,4
661.244263,2344.81,220.233459,3460,4
661.244446,2325.93,143.829071,3460,4
661.244568,2349.6,201.876968,3460,4
661.244629,2343.2,189.664139,3460,4
661.24469,2304.06,79.05825,3460,4
661.244751,2332.14,196.392365,3460,4
661.244812,2305.65,77.66507,3460,4
661.244812,2341.6,196.237289,3460,4
661.244873,2336.85,153.047379,3460,4
661.244934,2354.41,215.870056,3460,4
661.244995,2318.19,126.487984,3460,4
661.244995,2370.08,86.768799,3460,4
661.245056,2351.21,200.104446,3460,4
661.245056,2357.6,201.802399,3460,4
661.245117,2359.19,198.489532,3460,4
661.245178,2327.47,158.803421,3460,4
661.245178,2340.01,202.948547,3460,4
661.245239,2302.49,74.955017,3460,4
661.245239,2315.09,95.269356,3460,4
661.2453,2321.27,136.725525,3460,4
661.2453,2335.28,171.000275,3460,4
661.2453,2371.62,81.276054,3460,4
661.245361,2307.23,113.446785,3460,4
661.245422,2362.38,112.389145,3460,4
661.245483,2338.42,216.123932,3460,4
661.245483,2365.46,110.482414,3460,4
661.245544,2316.64,132.031876,3460,4
661.245544,2367.0,108.723671,3460,4
661.245667,2368.54,97.018684,3460,4
661.24585,2299.35,72.57946,3460,4
661.24585,2348.01,183.063583,3460,4
661.246399,2311.98,100.573135,3460,4
661.246704,2296.25,49.843479,3460,4
661.246826,2319.73,110.431175,3460,4
661.246826,2322.82,110.736298,3460,4
661.248047,2360.79,168.604645,3460,4
661.249146,2297.8,50.217804,3460,4
661.742493,2370.08,26.218111,3462,4
661.74292,2318.19,50.120358,3462,4
661.743103,2341.6,67.004944,3462,4
661.743225,2332.14,67.095459,3462,4
661.743469,2371.62,31.504492,3462,4
661.743591,2333.71,57.286957,3462,4
661.743835,2368.54,43.595329,3462,4
661.744141,2315.09,45.141575,3462,4
661.744141,2330.57,62.405544,3462,4
661.744263,2329.03,52.083099,3462,4
661.744263,2338.42,86.63253,3462,4
661.744385,2363.92,50.547359,3462,4
661.744629,2327.47,39.443306,3462,4
661.744629,2335.28,61.54731,3462,4
661.74469,2344.81,78.225098,3462,4
661.74469,2354.41,80.529114,3462,4
661.744812,2349.6,78.797409,3462,4
661.744812,2352.81,65.507294,3462,4
661.744873,2351.21,65.958076,3462,4
661.744934,2359.19,38.301033,3462,4
661.744934,2362.38,56.403721,3462,4
661.745056,2325.93,51.510513,3462,4
661.745239,2340.01,80.254906,3462,4
661.7453,2343.2,76.717072,3462,4
661.745361,2336.85,63.724831,3462,4
661.745483,2357.6,50.436531,3462,4
661.745605,2360.79,54.143364,3462,4
661.746155,2376.22,37.39505,3462,4
661.746338,2356.0,72.349319,3462,4
661.746643,2324.37,57.695942,3462,4
661.746704,2346.41,87.365021,3462,4
661.746765,2313.54,51.926659,3462,4
661.746948,2365.46,44.31852,3462,4
661.747314,2348.01,62.952652,3462,4
661.748047,2367.0,46.142864,3462,4
661.748291,2316.64,45.276169,3462,4
661.748413,2321.27,53.213123,3462,4
661.748535,2322.82,47.796467,3462,4
661.748657,2319.73,33.712246,3462,4
661.74884,2374.69,28.099241,3462,4
661.748901,2373.15,42.48679,3462,4
661.74939,2311.98,30.388855,3462,4
662.238403,2325.93,22.809124,3515,4
662.23999,2316.64,22.510975,3515,4
662.240845,2322.82,15.503647,3515,4
662.242493,2327.47,15.127368,3515,4
662.242676,2330.57,24.35433,3515,4
662.243286,2329.03,14.816527,3515,4
662.243652,2371.62,9.532291,3515,4
662.244812,2338.42,21.066063,3515,4
662.244812,2341.6,28.567949,3515,4
662.245605,2319.73,12.195348,3515,4
662.245667,2315.09,18.664627,3515,4
662.24585,2336.85,24.659813,3515,4
662.24585,2373.15,13.922211,3515,4
662.245972,2343.2,26.285923,3515,4
662.246155,2340.01,31.876127,3515,4
662.246155,2359.19,24.603384,3515,4
662.246216,2348.01,24.440166,3515,4
662.246277,2335.28,21.045292,3515,4
662.246643,2349.6,31.280056,3515,4
662.246704,2363.92,11.727099,3515,4
662.247253,2333.71,25.675817,3515,4
662.247314,2318.19,24.905283,3515,4
662.247559,2356.0,23.050671,3515,4
662.247925,2370.08,18.695585,3515,4
662.247986,2360.79,16.116646,3515,4
662.248352,2346.41,27.257389,3515,4
662.248352,2354.41,35.917171,3515,4
662.248657,2313.54,9.788299,3515,4
662.249084,2344.81,32.243362,3515,4
662.249207,2324.37,20.424198,3515,4
662.249817,2321.27,19.593737,3515,4
662.250977,2368.54,22.349451,3515,4
662.25116,2357.6,20.449854,3515,4
662.251282,2365.46,8.063582,3515,4
662.251709,2352.81,35.577396,3515,4
662.25177,2351.21,26.397619,3515,4
662.253723,2362.38,19.93327,3515,4
662.254639,2367.0,27.48287,3515,4
659.738342,2485.21,24.908812,3479,5
659.739563,2502.34,30.792223,3479,5
659.739685,2483.63,34.827633,3479,5
659.740234,2497.68,36.20837,3479,5
659.740967,2506.98,43.895432,3479,5
659.742432,2482.03,42.823357,3479,5
659.742554,2489.89,29.90905,3479,5
659.742798,2478.78,42.381844,3479,5
659.742859,2499.23,29.992493,3479,5
659.743103,2480.42,34.252533,3479,5
659.743347,2500.78,43.888435,3479,5
659.743774,2493.01,28.664837,3479,5
659.744202,2496.13,29.552683,3479,5
659.744263,2488.33,34.740585,3479,5
659.744324,2491.45,38.40015,3479,5
659.744568,2494.57,55.953701,3479,5
659.745789,2503.89,45.349075,3479,5
659.745911,2505.44,32.543564,3479,5
659.747253,2486.77,33.282017,3479,5
659.74176,2374.69,393.37262,3479,5
659.741821,2380.81,513.958252,3479,5
659.742676,2379.28,446.502014,3479,5
659.742798,2382.34,460.074829,3479,5
659.742859,2376.22,444.697632,3479,5
659.743225,2377.75,439.71936,3479,5
659.743347,2373.15,488.564514,3479,5
659.741333,2449.74,91.067245,3479,5
659.741638,2443.28,100.526085,3479,5
659.741943,2452.93,72.229164,3479,5
659.742004,2432.37,93.85704,3479,5
659.742065,2446.52,110.031441,3479,5
659.742126,2390.01,720.515015,3479,5
659.742126,2462.51,75.189125,3479,5
659.74231,2403.9,671.676331,3479,5
659.742432,2393.07,628.249146,3479,5
659.742493,2391.54,614.338379,3479,5
659.742493,2457.71,80.548576,3479,5
659.742554,2386.94,572.660156,3479,5
659.742676,2440.09,129.899918,3479,5
659.742798,2388.47,625.4953,3479,5
659.742798,2396.13,624.956421,3479,5
659.742798,2430.83,188.603073,3479,5
659.742798,2438.53,104.974266,3479,5
659.742798,2448.13,104.675735,3479,5
659.742859,2402.34,591.346985,3479,5
659.742859,2456.12,74.539612,3479,5
659.74292,2459.31,85.176743,3479,5
659.74292,2468.94,71.428078,3479,5
659.742981,2385.4,532.338196,3479,5
659.742981,2399.24,613.611816,3479,5
659.743042,2410.18,480.140503,3479,5
659.743042,2436.98,97.168777,3479,5
659.743103,2394.59,665.998474,3479,5
659.743103,2407.03,520.0802,3479,5
659.743103,2460.91,71.33786,3479,5
659.743103,2467.31,63.316589,3479,5
659.743164,2418.23,383.278595,3479,5
659.743164,2424.65,196.943054,3479,5
659.743164,2464.11,82.115082,3479,5
659.743225,2383.87,388.046906,3479,5
659.743225,2397.68,696.271606,3479,5
659.743225,2465.7,87.23494,3479,5
659.743286,2400.79,625.306946,3479,5
659.743286,2405.47,573.427002,3479,5
659.743286,2408.61,439.311127,3479,5
659.743286,2413.38,419.817963,3479,5
659.743286,2435.44,129.357727,3479,5
659.743347,2454.52,92.654335,3479,5
659.743408,2411.78,434.968109,3479,5
659.743408,2414.99,408.822876,3479,5
659.743408,2416.61,342.424927,3479,5
659.743408,2419.85,290.799042,3479,5
659.743469,2421.45,223.357498,3479,5
659.743469,2423.05,300.135498,3479,5
659.74353,2429.29,154.829819,3479,5
659.743591,2451.34,74.635689,3479,5
659.743652,2433.9,135.326736,3479,5
659.743896,2441.68,94.837402,3479,5
659.743958,2426.2,174.681107,3479,5
659.743958,2427.74,170.403259,3479,5
659.743958,2472.19,54.264343,3479,5
659.743958,2473.84,49.672562,3479,5
659.744507,2470.57,51.956848,3479,5
659.744995,2475.48,49.914001,3479,5
659.745361,2444.89,95.290154,3479,5
659.745605,2477.12,51.501411,3479,5
660.243164,2503.89,20.487772,3480,5
660.243408,2500.78,32.854679,3480,5
660.243774,2485.21,25.998175,3480,5
660.244629,2496.13,24.51889,3480,5
660.244751,2491.45,19.377464,3480,5
660.244934,2480.42,30.214443,3480,5
660.245361,2478.78,37.603287,3480,5
660.246155,2482.03,27.949684,3480,5
660.247559,2489.89,21.585896,3480,5
660.247559,2499.23,17.708784,3480,5
660.247742,2483.63,25.509951,3480,5
660.247803,2486.77,24.513571,3480,5
660.248047,2502.34,28.169046,3480,5
660.248718,2497.68,25.609879,3480,5
660.248962,2505.44,27.441238,3480,5
660.249023,2494.57,27.811453,3480,5
660.249084,2493.01,32.927799,3480,5
660.25061,2488.33,16.471214,3480,5
660.250977,2506.98,21.939653,3480,5
660.243774,2377.75,286.267792,3480,5
660.243896,2380.81,226.432709,3480,5
660.243896,2382.34,296.698822,3480,5
660.245056,2379.28,300.368927,3480,5
660.242493,2454.52,59.514133,3480,5
660.242798,2443.28,73.400932,3480,5
660.242859,2448.13,76.012886,3480,5
660.243164,2385.4,337.621155,3480,5
660.243164,2449.74,69.682076,3480,5
660.243408,2386.94,391.516418,3480,5
660.243408,2396.13,424.681824,3480,5
660.243469,2457.71,99.514336,3480,5
660.24353,2391.54,426.030212,3480,5
660.243652,2393.07,427.883698,3480,5
660.243652,2394.59,553.27594,3480,5
660.243713,2468.94,50.26305,3480,5
660.243835,2390.01,393.979492,3480,5
660.243958,2424.65,134.172211,3480,5
660.243958,2464.11,46.066822,3480,5
660.244019,2418.23,298.977417,3480,5
660.24408,2441.68,65.941666,3480,5
660.244141,2388.47,450.308655,3480,5
660.244141,2459.31,62.972027,3480,5
660.244141,2475.48,31.934006,3480,5
660.244202,2427.74,120.51532,3480,5
660.244202,2444.89,73.342903,3480,5
660.244263,2383.87,269.632629,3480,5
660.244385,2433.9,93.901489,3480,5
660.244507,2399.24,523.903015,3480,5
660.244568,2407.03,393.386536,3480,5
660.244629,2402.34,459.148102,3480,5
660.244629,2423.05,161.428726,3480,5
660.244629,2436.98,87.418297,3480,5
660.244629,2456.12,55.793339,3480,5
660.24469,2400.79,430.027771,3480,5
660.244812,2403.9,483.425629,3480,5
660.244812,2426.2,114.187851,3480,5
660.244873,2397.68,556.206482,3480,5
660.244873,2411.78,329.101196,3480,5
660.244995,2413.38,293.443329,3480,5
660.244995,2419.85,252.768158,3480,5
660.244995,2438.53,89.69442,3480,5
660.244995,2452.93,45.473194,3480,5
660.245056,2408.61,328.13382,3480,5
660.245056,2421.45,159.828644,3480,5
660.245056,2430.83,129.802658,3480,5
660.245239,2414.99,261.486145,3480,5
660.245239,2416.61,264.403839,3480,5
660.245239,2435.44,94.090485,3480,5
660.2453,2405.47,434.637299,3480,5
660.245361,2432.37,94.749252,3480,5
660.245605,2410.18,361.112274,3480,5
660.245605,2451.34,64.635017,3480,5
660.245605,2473.84,35.05875,3480,5
660.24585,2440.09,97.983429,3480,5
660.245972,2465.7,62.45644,3480,5
660.246033,2467.31,47.362789,3480,5
660.246094,2460.91,59.630348,3480,5
660.246155,2470.57,43.847126,3480,5
660.246399,2462.51,57.644932,3480,5
660.246582,2472.19,39.322308,3480,5
660.246704,2446.52,74.906982,3480,5
660.246887,2429.29,109.650513,3480,5
660.247742,2477.12,30.471197,3480,5
660.747803,2497.68,57.456131,1756,5
660.748291,2483.63,85.061974,1756,5
660.748718,2496.13,61.483158,1756,5
660.748779,2494.57,72.892372,1756,5
660.749268,2500.78,68.433998,1756,5
660.749451,2478.78,132.039215,1756,5
660.749695,2506.98,64.777008,1756,5
660.750183,2486.77,86.731071,1756,5
660.750549,2491.45,56.284096,1756,5
660.75061,2489.89,90.759789,1756,5
660.750732,2499.23,65.146049,1756,5
660.750732,2502.34,62.574764,1756,5
660.750793,2480.42,101.823158,1756,5
660.751038,2482.03,78.919853,1756,5
660.751465,2505.44,57.830372,1756,5
660.752075,2493.01,66.219025,1756,5
660.752319,2488.33,65.151253,1756,5
660.752502,2485.21,56.056061,1756,5
660.755066,2503.89,84.537888,1756,5
660.746582,2380.81,193.949722,1756,5
660.746704,2382.34,260.653473,1756,5
660.74762,2465.7,146.131561,1756,5
660.747864,2472.19,118.111954,1756,5
660.748291,2427.74,408.657837,1756,5
660.748352,2385.4,582.059753,1756,5
660.748474,2383.87,321.858734,1756,5
660.748474,2449.74,160.968063,1756,5
660.748596,2433.9,263.357452,1756,5
660.748718,2451.34,129.696075,1756,5
660.74884,2424.65,513.40741,1756,5
660.749207,2457.71,140.512253,1756,5
660.749329,2444.89,203.328308,1756,5
660.749329,2448.13,198.429398,1756,5
660.74939,2467.31,131.20488,1756,5
660.749451,2440.09,220.283112,1756,5
660.749451,2443.28,178.367569,1756,5
660.749451,2454.52,145.890289,1756,5
660.749512,2462.51,130.069946,1756,5
660.749573,2429.29,347.345276,1756,5
660.749573,2436.98,233.590958,1756,5
660.749695,2430.83,355.485352,1756,5
660.749756,2446.52,186.135468,1756,5
660.749756,2460.91,133.469208,1756,5
660.749817,2470.57,121.719223,1756,5
660.749878,2388.47,1469.988403,1756,5
660.749878,2393.07,2199.906738,1756,5
660.75,2386.94,910.381409,1756,5
660.75,2391.54,2084.188477,1756,5
660.75,2421.45,705.45166,1756,5
660.75,2441.68,170.379196,1756,5
660.750061,2432.37,235.148819,1756,5
660.750061,2452.93,120.361618,1756,5
660.750061,2456.12,129.361725,1756,5
660.750122,2435.44,234.676788,1756,5
660.750122,2459.31,131.963562,1756,5
660.750305,2438.53,173.925995,1756,5
660.750488,2464.11,94.111702,1756,5
660.750549,2390.01,1742.403687,1756,5
660.750549,2468.94,135.731537,1756,5
660.75061,2399.24,3140.564697,1756,5
660.75061,2473.84,113.046288,1756,5
660.750671,2419.85,1013.435547,1756,5
660.750671,2423.05,706.921387,1756,5
660.750732,2413.38,1386.121338,1756,5
660.750793,2394.59,2848.059082,1756,5
660.750793,2400.79,2683.963623,1756,5
660.750793,2402.34,2591.578857,1756,5
660.750793,2408.61,1710.690063,1756,5
660.750793,2411.78,1638.457642,1756,5
660.750793,2418.23,1173.605957,1756,5
660.750916,2397.68,3584.106445,1756,5
660.750977,2396.13,2850.5,1756,5
660.750977,2410.18,1899.702637,1756,5
660.751038,2403.9,2802.935791,1756,5
660.75116,2407.03,2148.897705,1756,5
660.751221,2475.48,99.131027,1756,5
660.751282,2416.61,1198.727051,1756,5
660.751343,2405.47,2249.820801,1756,5
660.751343,2414.99,1277.078491,1756,5
660.751587,2426.2,395.992981,1756,5
660.75177,2477.12,124.293098,1756,5
661.249512,2506.98,36.242489,1757,5
661.250549,2480.42,79.901405,1757,5
661.250549,2503.89,42.834167,1757,5
661.251099,2485.21,50.582916,1757,5
661.251587,2483.63,59.683727,1757,5
661.251587,2500.78,51.62014,1757,5
661.251648,2489.89,35.650333,1757,5
661.25177,2478.78,65.844322,1757,5
661.251953,2494.57,60.411762,1757,5
661.252136,2496.13,50.152451,1757,5
661.252686,2482.03,56.912876,1757,5
661.253052,2505.44,55.66568,1757,5
661.253296,2491.45,61.506676,1757,5
661.253967,2497.68,49.43327,1757,5
661.254028,2488.33,54.182991,1757,5
661.25415,2486.77,57.486961,1757,5
661.254578,2502.34,50.306496,1757,5
661.257141,2493.01,47.233635,1757,5
661.257385,2499.23,59.678036,1757,5
661.244751,2379.28,88.552429,1757,5
661.244995,2377.75,91.404884,1757,5
661.245422,2376.22,66.272202,1757,5
661.245972,2380.81,95.186188,1757,5
661.247803,2382.34,128.310349,1757,5
661.248718,2383.87,192.517517,1757,5
661.249512,2443.28,133.785736,1757,5
661.250244,2436.98,122.276115,1757,5
661.250305,2426.2,278.933319,1757,5
661.250366,2430.83,186.687714,1757,5
661.250366,2441.68,119.244675,1757,5
661.250488,2385.4,386.837463,1757,5
661.250488,2448.13,113.311569,1757,5
661.250488,2465.7,97.310165,1757,5
661.25061,2440.09,135.673584,1757,5
661.250793,2386.94,586.251953,1757,5
661.250854,2424.65,340.115204,1757,5
661.250916,2446.52,115.792496,1757,5
661.251038,2452.93,86.495018,1757,5
661.251221,2451.34,90.505531,1757,5
661.251343,2393.07,1416.11499,1757,5
661.251343,2399.24,2037.689697,1757,5
661.251343,2438.53,136.502411,1757,5
661.251343,2449.74,98.196388,1757,5
661.251465,2467.31,94.065331,1757,5
661.251526,2394.59,1823.762817,1757,5
661.251526,2400.79,1665.68042,1757,5
661.251587,2433.9,164.599899,1757,5
661.251587,2464.11,85.7686,1757,5
661.251709,2423.05,462.877319,1757,5
661.25177,2402.34,1738.47937,1757,5
661.25177,2444.89,120.476219,1757,5
661.25177,2470.57,58.862148,1757,5
661.251831,2388.47,919.861572,1757,5
661.251831,2391.54,1301.322998,1757,5
661.251831,2408.61,1103.048828,1757,5
661.251892,2459.31,92.626472,1757,5
661.251953,2427.74,258.595734,1757,5
661.251953,2435.44,160.969666,1757,5
661.252014,2397.68,2259.975098,1757,5
661.252014,2411.78,1020.79071,1757,5
661.252014,2414.99,795.194763,1757,5
661.252014,2416.61,767.700867,1757,5
661.252014,2456.12,118.987106,1757,5
661.252075,2413.38,892.457764,1757,5
661.252075,2418.23,759.849854,1757,5
661.252075,2457.71,108.2145,1757,5
661.252136,2405.47,1491.208252,1757,5
661.252197,2410.18,1160.152344,1757,5
661.252258,2396.13,1794.243652,1757,5
661.252258,2403.9,1756.468994,1757,5
661.252258,2407.03,1288.955444,1757,5
661.252258,2419.85,641.444824,1757,5
661.252258,2421.45,466.210175,1757,5
661.252441,2390.01,1079.835571,1757,5
661.252441,2454.52,136.068817,1757,5
661.252563,2429.29,235.924789,1757,5
661.252625,2477.12,89.250961,1757,5
661.252808,2432.37,140.145615,1757,5
661.252808,2472.19,86.1633,1757,5
661.25293,2462.51,105.818176,1757,5
661.253052,2460.91,84.509476,1757,5
661.253174,2468.94,91.570068,1757,5
661.253235,2475.48,67.451889,1757,5
661.253296,2473.84,68.427483,1757,5
661.748474,2489.89,26.371176,3477,5
661.750061,2506.98,24.914007,3477,5
661.750977,2482.03,36.952187,3477,5
661.752197,2499.23,33.993229,3477,5
661.752563,2478.78,32.932781,3477,5
661.752808,2494.57,36.64492,3477,5
661.75415,2486.77,39.55962,3477,5
661.754272,2502.34,31.868063,3477,5
661.754639,2480.42,34.642731,3477,5
661.754822,2497.68,18.318087,3477,5
661.755005,2503.89,36.693203,3477,5
661.755371,2485.21,19.164721,3477,5
661.756287,2500.78,37.728287,3477,5
661.75708,2505.44,23.447666,3477,5
661.757629,2488.33,42.863468,3477,5
661.757935,2483.63,23.523291,3477,5
661.758606,2496.13,29.673071,3477,5
661.766113,2493.01,24.181921,3477,5
661.769714,2491.45,25.283159,3477,5
661.745605,2379.28,32.620014,3477,5
661.745667,2377.75,27.788929,3477,5
661.74707,2382.34,52.162231,3477,5
661.749695,2380.81,36.263447,3477,5
661.748596,2383.87,83.716286,3477,5
661.74939,2430.83,106.666489,3477,5
661.749512,2449.74,52.569939,3477,5
661.749878,2421.45,295.212738,3477,5
661.749878,2457.71,48.359657,3477,5
661.749939,2388.47,605.541199,3477,5
661.749939,2436.98,74.235039,3477,5
661.750122,2446.52,61.745903,3477,5
661.750183,2448.13,60.319878,3477,5
661.750366,2435.44,86.711456,3477,5
661.750488,2429.29,123.667099,3477,5
661.750671,2385.4,191.815384,3477,5
661.750671,2443.28,72.932236,3477,5
661.750977,2424.65,190.808884,3477,5
661.750977,2433.9,89.967201,3477,5
661.750977,2459.31,48.512112,3477,5
661.750977,2462.51,39.979511,3477,5
661.751099,2465.7,48.954247,3477,5
661.751221,2391.54,781.61438,3477,5
661.751282,2390.01,746.789124,3477,5
661.751282,2470.57,42.96492,3477,5
661.751343,2464.11,51.080196,3477,5
661.751404,2394.59,1024.984253,3477,5
661.751404,2423.05,265.890106,3477,5
661.751465,2418.23,445.212921,3477,5
661.751465,2456.12,56.215027,3477,5
661.751465,2472.19,36.467079,3477,5
661.751526,2467.31,52.54829,3477,5
661.751526,2473.84,42.682579,3477,5
661.751587,2419.85,368.427704,3477,5
661.751648,2399.24,1162.82666,3477,5
661.751648,2410.18,686.641541,3477,5
661.751648,2441.68,61.204823,3477,5
661.751648,2468.94,38.198978,3477,5
661.751709,2411.78,589.473389,3477,5
661.751709,2452.93,48.195808,3477,5
661.751831,2416.61,448.441986,3477,5
661.751831,2475.48,23.331341,3477,5
661.751892,2393.07,865.034729,3477,5
661.751892,2405.47,834.714539,3477,5
661.751892,2408.61,645.45575,3477,5
661.751892,2438.53,71.725861,3477,5
661.751953,2397.68,1278.553711,3477,5
661.751953,2426.2,129.219437,3477,5
661.751953,2444.89,59.536629,3477,5
661.752014,2403.9,1008.085205,3477,5
661.752014,2407.03,770.268616,3477,5
661.752014,2477.12,38.44215,3477,5
661.752075,2386.94,341.879944,3477,5
661.752075,2396.13,1012.914551,3477,5
661.752197,2414.99,461.668945,3477,5
661.752258,2400.79,984.13147,3477,5
661.752258,2413.38,524.223328,3477,5
661.752258,2451.34,51.91396,3477,5
661.752319,2440.09,79.103157,3477,5
661.752441,2454.52,62.06802,3477,5
661.752747,2427.74,162.685577,3477,5
661.752808,2402.34,970.915527,3477,5
661.753601,2432.37,92.834846,3477,5
661.756226,2460.91,38.696758,3477,5
662.266296,2480.42,26.20331,3478,5
662.27063,2478.78,44.197899,3478,5
662.245117,2380.81,9.1615,3478,5
662.246704,2376.22,13.296842,3478,5
662.247986,2377.75,13.8368,3478,5
662.248474,2382.34,22.044024,3478,5
662.248962,2379.28,18.875576,3478,5
662.25885,2374.69,9.490574,3478,5
662.249939,2464.11,23.343754,3478,5
662.25,2443.28,24.276213,3478,5
662.250183,2385.4,66.426651,3478,5
662.250854,2462.51,24.952417,3478,5
662.250916,2391.54,368.218689,3478,5
662.250977,2418.23,184.456055,3478,5
662.251038,2433.9,44.709869,3478,5
662.251465,2435.44,41.299702,3478,5
662.251526,2424.65,73.70871,3478,5
662.251526,2436.98,35.822895,3478,5
662.251526,2446.52,27.628246,3478,5
662.251831,2421.45,116.130325,3478,5
662.251892,2386.94,128.370743,3478,5
662.251953,2407.03,318.812988,3478,5
662.251953,2429.29,64.419975,3478,5
662.252075,2393.07,370.912384,3478,5
662.252136,2432.37,50.28471,3478,5
662.252197,2468.94,24.354839,3478,5
662.252258,2426.2,77.824219,3478,5
662.252319,2448.13,33.072582,3478,5
662.25238,2394.59,466.595856,3478,5
662.25238,2411.78,231.105804,3478,5
662.252441,2390.01,239.24614,3478,5
662.252502,2397.68,537.378052,3478,5
662.252502,2400.79,398.989014,3478,5
662.252563,2399.24,483.064697,3478,5
662.252563,2413.38,226.10527,3478,5
662.252563,2416.61,187.389099,3478,5
662.252625,2403.9,421.322968,3478,5
662.252686,2423.05,116.393341,3478,5
662.252747,2419.85,140.046371,3478,5
662.252869,2396.13,441.673035,3478,5
662.252869,2414.99,221.637482,3478,5
662.25293,2402.34,406.298096,3478,5
662.253052,2405.47,343.946991,3478,5
662.253113,2444.89,33.555077,3478,5
662.253174,2408.61,282.914398,3478,5
662.253174,2427.74,69.228065,3478,5
662.253235,2410.18,293.288422,3478,5
662.253235,2441.68,42.541855,3478,5
662.253235,2467.31,23.617174,3478,5
662.253357,2457.71,34.871952,3478,5
662.253723,2438.53,25.640373,3478,5
662.253967,2449.74,28.313623,3478,5
662.254089,2440.09,34.81657,3478,5
662.25415,2388.47,200.41301,3478,5
662.254822,2451.34,26.11042,3478,5
662.254822,2472.19,27.152105,3478,5
662.255371,2383.87,29.738644,3478,5
662.255432,2465.7,27.908255,3478,5
662.255615,2456.12,28.193668,3478,5
662.256897,2470.57,27.215246,3478,5
662.258057,2459.31,30.674795,3478,5
662.25824,2473.84,32.625786,3478,5
662.258667,2452.93,10.655786,3478,5
662.259094,2430.83,54.34277,3478,5
662.25946,2454.52,22.32449,3478,5
662.259644,2460.91,30.771706,3478,5
662.260071,2477.12,17.53063,3478,5
662.269287,2475.48,36.617199,3478,5
662.750427,2423.05,43.251892,3508,5
662.750732,2414.99,74.51857,3508,5
662.750854,2400.79,147.842575,3508,5
662.750977,2426.2,14.985843,3508,5
662.751038,2411.78,89.967873,3508,5
662.75116,2396.13,124.356697,3508,5
662.751282,2386.94,31.164677,3508,5
662.751465,2397.68,200.932449,3508,5
662.751465,2433.9,20.777607,3508,5
662.751526,2410.18,93.012138,3508,5
662.751587,2448.13,12.88335,3508,5
662.751648,2402.34,142.777786,3508,5
662.75177,2393.07,124.458801,3508,5
662.751831,2416.61,67.184929,3508,5
662.751953,2403.9,147.029831,3508,5
662.751953,2436.98,19.522917,3508,5
662.752014,2390.01,77.849876,3508,5
662.752075,2446.52,6.733733,3508,5
662.752258,2388.47,69.803581,3508,5
662.752441,2394.59,155.283554,3508,5
662.752625,2407.03,119.319969,3508,5
662.752808,2399.24,159.631607,3508,5
662.752991,2405.47,117.85405,3508,5
662.752991,2413.38,75.02404,3508,5
662.753052,2408.61,96.543678,3508,5
662.753174,2419.85,68.937973,3508,5
662.753479,2449.74,13.023692,3508,5
662.753662,2391.54,117.930511,3508,5
662.753845,2385.4,23.856243,3508,5
662.753967,2418.23,60.356022,3508,5
662.754578,2421.45,52.673676,3508,5
662.7547,2427.74,21.319923,3508,5
662.7547,2438.53,21.370161,3508,5
662.755371,2383.87,8.199383,3508,5
662.756226,2440.09,14.814996,3508,5
662.756287,2424.65,38.855003,3508,5
662.756287,2441.68,14.789529,3508,5
662.760132,2432.37,13.411166,3508,5
662.763367,2444.89,18.841135,3508,5
662.765686,2430.83,31.617722,3508,5
662.767212,2443.28,19.230377,3508,5
662.771973,2435.44,22.310568,3508,5
662.774414,2429.29,9.51794,3508,5
659.273743,2302.49,39.836342,3514,6
659.274719,2311.98,29.717178,3514,6
659.276611,2329.03,28.269749,3514,6
659.276978,2313.54,36.313286,3514,6
659.278198,2315.09,27.005707,3514,6
659.278381,2327.47,43.446835,3514,6
659.278625,2300.92,31.96829,3514,6
659.279419,2318.19,34.422295,3514,6
659.279602,2307.23,26.757387,3514,6
659.279602,2319.73,42.742767,3514,6
659.280701,2325.93,30.44636,3514,6
659.281189,2304.06,19.070328,3514,6
659.281799,2322.82,38.036552,3514,6
659.282043,2332.14,26.597391,3514,6
659.282471,2310.4,30.637529,3514,6
659.284607,2308.82,27.981634,3514,6
659.286194,2324.37,32.687786,3514,6
659.286316,2316.64,26.927177,3514,6
659.286682,2305.65,26.514706,3514,6
659.292786,2330.57,40.819229,3514,6
659.293152,2321.27,52.789734,3514,6
659.537842,2318.19,17.151661,3513,6
659.540283,2319.73,12.17038,3513,6
659.541321,2329.03,33.982517,3513,6
659.547241,2324.37,7.199964,3513,6
659.548218,2327.47,36.662064,3513,6
659.559143,2325.93,20.39934,3513,6
659.560364,2305.65,21.36606,3513,6
659.561646,2304.06,18.371077,3513,6
659.562378,2321.27,11.414185,3513,6
659.56311,2319.73,30.795885,3513,6
659.563599,2308.82,27.231119,3513,6
659.564087,2313.54,61.792973,3513,6
659.56427,2318.19,29.398983,3513,6
659.565125,2307.23,32.867329,3513,6
659.565613,2311.98,47.147728,3513,6
659.565674,2310.4,50.581848,3513,6
659.566223,2315.09,30.819769,3513,6
659.567322,2324.37,26.699785,3513,6
659.568176,2316.64,17.427887,3513,6
659.571167,2322.82,16.112766,3513,6
659.811646,2322.82,23.66049,3509,6
659.813232,2305.65,28.637136,3509,6
659.813293,2304.06,10.543593,3509,6
659.81366,2313.54,42.982193,3509,6
659.813721,2324.37,20.936672,3509,6
659.813965,2319.73,29.749338,3509,6
659.814819,2311.98,51.172146,3509,6
659.81488,2315.09,44.110535,3509,6
659.815002,2327.47,14.183352,3509,6
659.815186,2316.64,42.78738,3509,6
659.815308,2310.4,48.877003,3509,6
659.815674,2307.23,36.33028,3509,6
659.815735,2318.19,26.806286,3509,6
659.816223,2332.14,22.912676,3509,6
659.816528,2308.82,51.941998,3509,6
659.816711,2330.57,11.594199,3509,6
659.816772,2321.27,32.053654,3509,6
659.818481,2329.03,20.544958,3509,6
660.05896,2324.37,25.025604,3510,6
660.059998,2325.93,25.143549,3510,6
660.063782,2319.73,17.977858,3510,6
660.064087,2316.64,41.527126,3510,6
660.064514,2307.23,31.58593,3510,6
660.065247,2318.19,50.421417,3510,6
660.06543,2305.65,26.706144,3510,6
660.066101,2313.54,38.615669,3510,6
660.066467,2308.82,24.606478,3510,6
660.066711,2304.06,19.855295,3510,6
660.066711,2310.4,34.14629,3510,6
660.066711,2321.27,18.269262,3510,6
660.067566,2311.98,38.032005,3510,6
660.067688,2315.09,35.344479,3510,6
660.068604,2322.82,13.603853,3510,6
660.308655,2299.35,15.992855,3511,6
660.310669,2296.25,21.85713,3511,6
660.311096,2297.8,14.490791,3511,6
660.311951,2300.92,20.597849,3511,6
660.313477,2318.19,25.420349,3511,6
660.314209,2313.54,42.606152,3511,6
660.314331,2305.65,23.385872,3511,6
660.314392,2302.49,14.266747,3511,6
660.314453,2315.09,29.782413,3511,6
660.314575,2308.82,40.7257,3511,6
660.314819,2311.98,20.920967,3511,6
660.315002,2304.06,13.88196,3511,6
660.31604,2310.4,29.01824,3511,6
660.3172,2307.23,31.907221,3511,6
660.319824,2316.64,23.062904,3511,6
660.32074,2319.73,22.208088,3511,6
660.321899,2322.82,16.121902,3511,6
